"customer_id","full_name","city","country","total_amount_spent","total_rental","first_rental_date","most_recent_rental_date","number_of_rental_months"
460,"Bostic Leon","Florencia","Colombia","97.79","21","2005-06-15 16:12:27","2005-08-23 19:14:07","2"
595,"Gunderson Terrence","Jinzhou","China","110.71","29","2005-06-14 23:47:35","2005-08-23 21:26:35","2"
120,"Ortiz Sylvia","Dos Quebradas","Colombia","134.70","30","2005-06-15 14:49:54","2006-02-14 15:16:03","7"
536,"Churchill Fernando","Tonghae","South Korea","109.77","23","2005-06-16 04:31:57","2005-08-23 20:08:26","2"
221,"Morrison Bessie","Syrakusa","Italy","127.73","27","2005-06-15 14:29:14","2005-08-22 12:53:22","2"
574,"Vest Julian","Akishima","Japan","108.73","27","2005-06-16 02:35:03","2005-08-22 16:53:29","2"
207,"Castillo Gertrude","Nuuk","Greenland","119.72","28","2005-06-17 07:51:26","2005-08-23 07:25:29","2"
65,"Howard Rose","Cayenne","French Guiana","97.80","20","2005-06-18 00:08:20","2005-08-21 09:08:51","2"
240,"Welch Marlene","Iwaki","Japan","106.77","23","2005-06-18 01:47:07","2005-08-23 08:06:49","2"
488,"Millard Shane","La Paz","Mexico","95.78","22","2005-06-16 09:51:39","2005-08-23 02:37:19","2"
495,"Bess Charlie","Baiyin","China","110.76","24","2005-06-17 16:40:03","2006-02-14 15:16:03","7"
292,"Lambert Misty","Sharja","United Arab Emirates","102.78","22","2005-07-06 02:48:39","2005-08-22 12:38:20","1"
58,"Bell Jean","Kuching","Malaysia","105.76","24","2005-06-18 01:33:09","2006-02-14 15:16:03","7"
67,"Torres Kelly","Xiangtan","China","86.80","20","2005-06-17 15:57:56","2005-08-22 11:19:22","2"
589,"Herrmann Tracy","Loja","Ecuador","118.75","25","2005-06-15 18:45:32","2005-08-23 20:28:32","2"
254,"Silva Maxine","Poos de Caldas","Brazil","107.70","30","2005-06-15 08:33:06","2005-08-23 13:25:08","2"
66,"Ward Janice","Malm","Sweden","139.67","33","2005-06-15 04:34:27","2005-08-23 06:23:26","2"
338,"Gilman Dennis","Paarl","South Africa","78.80","20","2005-07-06 00:50:30","2005-08-22 15:26:29","1"
101,"Myers Peggy","Abha","Saudi Arabia","86.77","23","2005-07-09 00:02:46","2006-02-14 15:16:03","7"
189,"Carpenter Loretta","Oshawa","Canada","87.79","21","2005-06-16 01:15:59","2005-08-23 21:04:51","2"
107,"Woods Florence","Merlo","Argentina","114.72","28","2005-06-15 05:07:32","2006-02-14 15:16:03","7"
557,"Gaffney Felix","Vilnius","Lithuania","63.78","22","2005-06-16 10:17:19","2006-02-14 15:16:03","7"
552,"Waldrop Hugh","Haining","China","89.80","20","2005-06-18 09:24:50","2005-08-23 10:21:21","2"
57,"Morgan Evelyn","Vaduz","Liechtenstein","99.74","26","2005-06-17 15:34:41","2005-08-23 16:24:24","2"
129,"Porter Carrie","Liaocheng","China","124.66","34","2005-06-16 15:34:41","2005-08-22 06:46:59","2"
103,"Hamilton Gladys","Ilorin","Nigeria","128.71","29","2005-06-15 16:22:38","2005-08-23 22:43:07","2"
55,"Reed Doris","Balaiha","Russian Federation","84.81","19","2005-06-16 21:53:05","2005-08-22 19:37:20","2"
354,"Ngo Justin","Santo Andr","Brazil","125.67","33","2005-06-15 21:48:18","2006-02-14 15:16:03","7"
43,"Roberts Christine","Faaa","French Polynesia","89.78","22","2005-06-16 01:28:22","2006-02-14 15:16:03","7"
546,"Knott Kelly","Sanya","China","94.76","24","2005-06-15 00:42:17","2005-08-23 05:13:09","2"
245,"Day Courtney","Uijongbu","South Korea","103.74","26","2005-06-15 15:02:03","2006-02-14 15:16:03","7"
112,"Reynolds Rosa","Lancaster","United States","129.72","28","2005-06-16 23:05:36","2005-08-23 12:47:05","2"
91,"Butler Lois","Bandar Seri Begawan","Brunei","107.66","34","2005-06-15 09:34:50","2006-02-14 15:16:03","7"
541,"Windham Darren","Livorno","Italy","95.78","22","2005-06-17 10:34:59","2005-08-23 18:08:59","2"
193,"Elliott Katie","Kisumu","Kenya","105.77","23","2005-06-15 11:03:24","2006-02-14 15:16:03","7"
380,"Brinson Russell","Tychy","Poland","132.65","35","2005-06-17 02:03:22","2005-08-23 12:33:00","2"
450,"Robb Jay","Surakarta","Indonesia","85.75","25","2005-06-16 08:33:39","2006-02-14 15:16:03","7"
426,"Motley Bradley","Purnea (Purnia)","India","125.74","26","2005-06-16 14:10:15","2005-08-22 01:32:14","2"
418,"East Jeff","San Felipe de Puerto Plata","Dominican Republic","107.70","30","2005-06-19 20:32:19","2005-08-23 19:21:22","2"
524,"Ely Jared","Purwakarta","Indonesia","81.83","17","2005-06-15 09:59:24","2005-08-22 16:33:39","2"
513,"Tubbs Duane","Yangor","Nauru","143.70","30","2005-06-16 06:25:35","2005-08-23 04:20:16","2"
303,"Satterfield William","Sanaa","Yemen","70.81","19","2005-07-09 08:04:59","2005-08-23 02:55:42","1"
572,"Burleson Sidney","Czestochowa","Poland","100.76","24","2005-06-17 04:05:12","2005-08-20 08:59:38","2"
86,"Long Jacqueline","Songkhla","Thailand","146.68","32","2005-06-16 08:35:39","2005-08-23 18:45:06","2"
360,"Madrigal Ralph","Arecibo","Puerto Rico","144.68","32","2005-06-15 21:48:35","2005-08-22 19:56:41","2"
45,"Phillips Janet","Antofagasta","Chile","124.74","26","2005-06-16 20:41:57","2005-08-23 22:13:04","2"
253,"Carlson Terry","Miyakonojo","Japan","116.74","26","2005-06-15 15:03:15","2005-08-22 17:12:29","2"
131,"Hicks Monica","Mukateve","Ukraine","112.73","27","2005-06-16 09:12:53","2005-08-23 22:20:40","2"
388,"Morrell Craig","Cavite","Philippines","114.72","28","2005-06-15 08:00:13","2006-02-14 15:16:03","7"
252,"Hoffman Mattie","London","United Kingdom","58.80","20","2005-06-15 16:21:04","2006-02-14 15:16:03","7"
35,"Green Virginia","Toulouse","France","118.70","30","2005-06-16 04:09:08","2005-08-21 22:25:09","2"
180,"Cunningham Stacy","Pereira","Colombia","95.78","22","2005-06-19 13:31:52","2006-02-14 15:16:03","7"
310,"Cabral Daniel","Ibirit","Brazil","68.87","13","2005-07-06 16:01:16","2005-08-22 06:53:21","1"
576,"Mccarter Morris","Fengshan","Taiwan","135.68","32","2005-06-15 14:21:00","2006-02-14 15:16:03","7"
534,"Jung Christian","Amroha","India","81.78","22","2005-06-16 06:36:33","2006-02-14 15:16:03","7"
559,"Banda Everett","Bilbays","Egypt","110.72","28","2005-06-19 04:34:15","2005-08-23 16:33:33","2"
217,"Bishop Agnes","Sambhal","India","86.79","21","2005-06-15 10:55:09","2005-08-22 19:02:48","2"
127,"Stevens Elaine","Smolensk","Russian Federation","105.78","22","2005-06-15 09:06:24","2005-08-23 11:40:30","2"
11,"Anderson Lisa","Sagamihara","Japan","99.77","23","2005-06-15 20:53:07","2006-02-14 15:16:03","7"
251,"Brewer Vickie","Halle/Saale","Germany","100.75","25","2005-06-18 04:22:06","2006-02-14 15:16:03","7"
17,"Thompson Donna","Elista","Russian Federation","87.82","18","2005-06-18 00:17:58","2005-08-23 12:41:38","2"
320,"Schwab Anthony","Tafuna","American Samoa","47.85","15","2005-07-06 00:57:29","2005-08-22 19:44:53","1"
386,"Tan Todd","Kamjanets-Podilskyi","Ukraine","109.72","28","2005-06-16 04:51:13","2005-08-23 19:06:04","2"
244,"Hanson Viola","Lapu-Lapu","Philippines","122.70","30","2005-06-15 01:04:22","2006-02-14 15:16:03","7"
281,"Obrien Leona","Fuzhou","China","32.90","10","2005-07-08 07:15:14","2005-08-21 03:40:40","1"
583,"Thorn Marshall","Southampton","United Kingdom","117.77","23","2005-06-15 18:19:30","2005-08-21 06:00:22","2"
119,"Marshall Sherry","Shubra al-Khayma","Egypt","139.69","31","2005-06-15 00:36:50","2005-08-23 21:52:56","2"
214,"Johnston Kristin","Sunnyvale","United States","103.74","26","2005-06-15 07:55:43","2006-02-14 15:16:03","7"
523,"Guajardo Harvey","Vinh","Vietnam","87.80","20","2005-06-16 15:29:47","2005-08-22 09:41:09","2"
82,"Coleman Kathryn","Simferopol","Ukraine","118.76","24","2005-06-15 18:38:51","2005-08-23 03:12:54","2"
376,"Gaither Randy","Kurgan","Russian Federation","109.73","27","2005-06-15 02:30:03","2005-08-22 22:30:50","2"
494,"Choate Ramon","Robamba","Ecuador","135.70","30","2005-06-16 11:54:55","2005-08-22 19:28:04","2"
399,"Isom Danny","Okara","Pakistan","73.82","18","2005-06-20 07:29:15","2005-08-23 01:25:30","2"
81,"Henderson Andrea","Mahajanga","Madagascar","92.79","21","2005-06-19 14:26:09","2005-08-23 16:45:28","2"
421,"Hawks Lee","Pudukkottai","India","117.75","25","2005-06-16 12:39:51","2006-02-14 15:16:03","7"
381,"Boudreau Bobby","South Hill","Anguilla","99.68","32","2005-06-15 16:31:08","2005-08-23 12:29:24","2"
222,"Hansen Delores","Jaroslavl","Russian Federation","71.84","16","2005-06-15 14:27:47","2005-08-21 08:58:38","2"
152,"Mills Alicia","Nagaon","India","73.81","19","2005-06-20 01:26:26","2006-02-14 15:16:03","7"
412,"Butterfield Allen","Hoshiarpur","India","74.83","17","2005-06-21 06:59:11","2006-02-14 15:16:03","7"
346,"Simpkins Arthur","Maikop","Russian Federation","145.70","30","2005-06-17 11:07:06","2005-08-23 15:15:19","2"
563,"Prewitt Ken","Bucuresti","Romania","99.73","27","2005-06-16 01:31:23","2005-08-23 15:45:42","2"
392,"Douglass Sean","Addis Abeba","Ethiopia","91.77","23","2005-06-16 00:38:07","2005-08-21 11:51:10","2"
508,"Howland Milton","Vijayawada","India","121.77","23","2005-06-16 10:12:57","2006-02-14 15:16:03","7"
140,"Ramos Eva","Clarksville","United States","83.82","18","2005-06-16 04:51:18","2005-08-23 15:47:02","2"
160,"Dunn Erin","Ljubertsy","Russian Federation","106.73","27","2005-06-18 09:03:19","2005-08-23 21:49:33","2"
296,"Hale Ramona","Patiala","India","103.77","23","2005-07-05 23:29:55","2006-02-14 15:16:03","7"
476,"Bourque Derrick","Gatineau","Canada","87.80","20","2005-06-16 11:54:25","2006-02-14 15:16:03","7"
404,"Scroggins Stanley","Omiya","Japan","133.71","29","2005-06-15 22:19:37","2005-08-22 19:28:02","2"
51,"Stewart Alice","Fontana","United States","123.70","30","2005-06-15 14:48:04","2005-08-22 04:31:50","2"
456,"Ricketts Ronnie","Ziguinchor","Senegal","95.76","24","2005-06-15 08:41:52","2005-08-23 17:43:16","2"
457,"Gavin Bill","Rockford","United States","106.73","27","2005-06-15 19:36:39","2006-02-14 15:16:03","7"
324,"Coy Gary","Yuzhou","China","95.78","22","2005-07-06 21:42:21","2006-02-14 15:16:03","7"
59,"Murphy Cheryl","Mysore","India","119.76","24","2005-06-15 07:29:59","2005-08-23 17:33:04","2"
506,"Seward Leslie","Pontianak","Indonesia","123.72","28","2005-06-15 19:13:45","2005-08-23 10:02:46","2"
3,"Williams Linda","Athenai","Greece","130.76","24","2005-06-16 01:34:05","2005-08-23 07:10:14","2"
124,"Wells Sheila","Ktahya","Turkey","57.86","14","2005-06-18 11:00:05","2005-08-23 21:45:02","2"
522,"Havens Arnold","Santa Rosa","Philippines","161.68","32","2005-06-15 08:44:09","2005-08-23 18:06:54","2"
141,"Reyes Debbie","Fukuyama","Japan","127.69","31","2005-06-15 05:05:07","2005-08-23 19:45:25","2"
247,"Moreno Stella","Coacalco de Berriozbal","Mexico","88.81","19","2005-06-18 07:23:17","2005-08-23 13:45:44","2"
20,"Robinson Sharon","Mardan","Pakistan","103.73","27","2005-06-16 02:33:53","2005-08-23 01:10:42","2"
481,"Devore Herman","Mwanza","Tanzania","109.72","28","2005-06-14 23:35:09","2005-08-21 17:15:33","2"
138,"Warren Hazel","Hohhot","China","106.68","32","2005-06-15 10:26:23","2005-08-23 02:39:56","2"
362,"Barfield Nicholas","Belm","Brazil","140.69","31","2005-06-15 18:24:10","2005-08-22 06:17:12","2"
556,"Gruber Armando","Southport","United Kingdom","72.82","18","2005-06-17 18:12:16","2005-08-23 05:24:09","2"
135,"Mason Juanita","Pune","India","100.72","28","2005-06-15 07:42:58","2006-02-14 15:16:03","7"
246,"Mendoza Marian","Maring","Brazil","76.82","18","2005-06-15 19:17:16","2005-08-23 12:26:19","2"
312,"Rinehart Mark","Tabuk","Saudi Arabia","81.80","20","2005-07-06 13:04:35","2005-08-23 16:44:31","1"
30,"King Melissa","Lungtan","Taiwan","123.66","34","2005-06-17 02:39:20","2005-08-23 15:17:14","2"
317,"Baugh Edward","Trshavn","Faroe Islands","96.76","24","2005-07-07 08:17:13","2006-02-14 15:16:03","7"
37,"Baker Pamela","Nanyang","China","91.79","21","2005-06-16 04:44:23","2005-08-23 22:08:04","2"
213,"Williamson Gina","Taizz","Yemen","110.73","27","2005-06-15 21:41:38","2006-02-14 15:16:03","7"
461,"Blakely Derek","Gingoog","Philippines","90.73","27","2005-06-20 18:39:43","2005-08-23 07:03:19","2"
79,"Barnes Rachel","Kamakura","Japan","73.81","19","2005-06-20 16:17:56","2005-08-21 03:14:27","2"
68,"Peterson Nicole","Shivapuri","India","94.78","22","2005-06-16 22:04:34","2005-08-23 03:36:26","2"
394,"Brothers Chris","Gijn","Spain","77.80","20","2005-06-15 11:02:45","2006-02-14 15:16:03","7"
228,"Stanley Allison","Phnom Penh","Cambodia","86.75","25","2005-06-18 06:59:51","2006-02-14 15:16:03","7"
156,"Ferguson Bertha","Ondo","Nigeria","89.77","23","2005-06-17 17:45:09","2005-08-22 23:26:32","2"
599,"Cintron Austin","Tieli","China","78.82","18","2005-06-18 06:29:53","2005-08-23 11:25:00","2"
356,"Fultz Gerald","Satna","India","116.71","29","2005-06-15 16:59:46","2005-08-23 12:47:16","2"
501,"Geary Ruben","Lublin","Poland","86.81","19","2005-06-21 01:50:29","2005-08-23 10:20:35","2"
411,"Currier Norman","Cianjur","Indonesia","73.76","24","2005-06-17 10:31:37","2006-02-14 15:16:03","7"
358,"Marlow Samuel","Ranchi","India","75.80","20","2005-06-15 19:51:06","2005-08-20 20:16:35","2"
143,"Gordon Leslie","Kilis","Turkey","83.80","20","2005-06-17 04:28:11","2005-08-23 21:54:02","2"
194,"Chavez Kristen","Hino","Japan","74.84","16","2005-06-15 18:24:55","2005-08-23 18:43:22","2"
364,"Varney Benjamin","Guadalajara","Mexico","89.78","22","2005-06-16 15:12:52","2005-08-22 17:48:10","2"
90,"Washington Ruby","Meixian","China","110.72","28","2005-06-17 13:24:43","2005-08-23 09:16:39","2"
449,"Aquino Oscar","Sirjan","Iran","80.83","17","2005-06-15 09:17:20","2005-08-22 06:37:43","2"
166,"Payne Lynn","Lilongwe","Malawi","121.73","27","2005-06-15 17:09:48","2005-08-23 14:31:50","2"
15,"Harris Helen","Bhopal","India","134.68","32","2005-06-18 21:26:56","2006-02-14 15:16:03","7"
6,"Davis Jennifer","Laredo","United States","84.75","25","2005-06-16 03:41:38","2005-08-23 06:41:32","2"
177,"Duncan Samantha","Matamoros","Mexico","71.77","23","2005-06-15 16:12:50","2005-08-22 03:55:02","2"
97,"Russell Annie","Tete","Mozambique","58.82","18","2005-06-17 17:14:00","2005-08-22 08:20:15","2"
198,"Kelley Elsie","Ikerre","Nigeria","124.68","32","2005-06-18 01:12:22","2005-08-23 00:27:18","2"
32,"Lopez Amy","Jhansi","India","112.74","26","2005-06-17 03:53:18","2005-08-21 16:32:32","2"
485,"Tobias Clyde","Shaoguan","China","112.72","28","2005-06-16 11:57:34","2005-08-19 09:36:28","2"
410,"Irby Curtis","Richmond Hill","Canada","167.62","38","2005-06-15 22:57:34","2006-02-14 15:16:03","7"
475,"Chestnut Pedro","ostka","Ukraine","97.78","22","2005-07-06 23:11:11","2005-08-22 19:23:58","1"
548,"Cornish Allan","Tarlac","Philippines","63.84","16","2005-06-15 11:07:39","2006-02-14 15:16:03","7"
243,"Burke Lydia","San Miguel de Tucumn","Argentina","77.77","23","2005-06-15 16:41:26","2005-08-21 21:02:55","2"
518,"Harder Gabriel","Sivas","Turkey","108.75","25","2005-06-16 02:01:37","2005-08-23 00:28:16","2"
75,"Sanders Tammy","Changhwa","Taiwan","149.61","39","2005-06-17 06:00:23","2006-02-14 15:16:03","7"
582,"Vanhorn Andy","Huejutla de Reyes","Mexico","112.76","24","2005-06-16 14:55:53","2006-02-14 15:16:03","7"
326,"Andrew Jose","Kingstown","Saint Vincent and the Grenadines","64.82","18","2005-07-06 18:44:24","2005-08-19 01:38:18","1"
38,"Gonzalez Martha","Chisinau","Moldova","127.66","34","2005-06-15 05:55:40","2005-08-23 11:55:50","2"
416,"Pinson Jeffery","Dadu","Pakistan","113.72","28","2005-06-14 22:53:33","2005-08-23 12:55:51","2"
205,"Carr Eileen","Ciudad del Este","Paraguay","80.82","18","2005-06-15 04:49:08","2005-08-22 23:54:14","2"
322,"Morrissey Jason","Baha Blanca","Argentina","81.81","19","2005-07-05 23:05:44","2005-08-23 10:23:48","1"
384,"Stepp Ernest","Huaian","China","77.79","21","2005-06-17 09:02:58","2005-08-22 20:20:04","2"
197,"Peters Sue","Changzhou","China","133.68","32","2005-06-15 00:15:15","2005-08-23 04:12:52","2"
136,"Morales Anita","Hubli-Dharwad","India","59.86","14","2005-06-17 19:14:30","2005-08-23 00:34:28","2"
436,"Quigley Troy","Vancouver","Canada","126.73","27","2005-06-18 07:36:46","2005-08-23 13:10:16","2"
80,"Ross Marilyn","Ife","Nigeria","137.70","30","2005-06-19 05:48:26","2006-02-14 15:16:03","7"
242,"Frazier Glenda","Qinhuangdao","China","128.71","29","2005-06-15 09:56:02","2005-08-22 08:06:00","2"
443,"Skidmore Francisco","So Leopoldo","Brazil","93.79","21","2005-06-20 00:27:49","2005-08-23 03:23:32","2"
211,"Montgomery Stacey","Fuyu","China","146.67","33","2005-06-19 19:58:16","2006-02-14 15:16:03","7"
44,"Turner Marie","Lipetsk","Russian Federation","101.79","21","2005-06-15 21:56:39","2006-02-14 15:16:03","7"
93,"Foster Phyllis","Zalantun","China","76.80","20","2005-06-18 05:21:56","2005-08-23 17:48:30","2"
586,"Stclair Kirk","Tsaotun","Taiwan","50.83","17","2005-06-15 06:42:25","2005-08-23 09:40:04","2"
72,"Watson Theresa","Taguig","Philippines","88.73","27","2005-06-18 07:46:34","2005-08-22 13:57:55","2"
266,"Herrera Nora","Salzburg","Austria","113.74","26","2005-06-15 08:16:06","2005-08-22 21:06:00","2"
212,"Richards Wilma","Bellevue","United States","91.80","20","2005-06-15 13:17:01","2005-08-23 18:05:10","2"
305,"Mccrary Richard","Arlington","United States","87.80","20","2005-07-07 14:22:45","2005-08-23 06:59:07","1"
343,"Graf Douglas","Mexicali","Mexico","106.77","23","2005-06-16 01:42:24","2005-08-23 20:04:41","2"
505,"Abney Rafael","Talavera","Philippines","91.81","19","2005-06-16 20:17:20","2006-02-14 15:16:03","7"
469,"Bull Wesley","Ourense (Orense)","Spain","158.65","35","2005-06-15 16:29:51","2005-08-23 15:46:33","2"
85,"Powell Anne","Bradford","United Kingdom","72.79","21","2005-06-16 12:06:57","2005-08-20 10:25:12","2"
538,"Breaux Ted","Baicheng","China","109.73","27","2005-06-15 10:21:45","2005-08-22 21:01:25","2"
33,"Hill Anna","Alessandria","Italy","88.80","20","2005-06-15 09:46:33","2006-02-14 15:16:03","7"
206,"Vasquez Terri","Blumenau","Brazil","126.73","27","2005-06-17 02:27:03","2005-08-23 10:36:00","2"
289,"Rodriquez Violet","Kowloon and New Kowloon","Hong Kong","104.76","24","2005-07-06 04:29:13","2005-08-22 05:03:59","1"
13,"Jackson Karen","Osmaniye","Turkey","131.73","27","2005-06-17 06:54:42","2005-08-22 20:51:24","2"
233,"Kim Lillie","Idfu","Egypt","89.77","23","2005-06-17 10:58:53","2005-08-23 15:03:58","2"
274,"Jennings Naomi","Karnal","India","116.73","27","2005-07-06 01:24:38","2006-02-14 15:16:03","7"
84,"Perry Sara","Atlixco","Mexico","128.70","30","2005-06-15 01:37:38","2005-08-22 18:16:50","2"
549,"Christenson Nelson","Santiago de Compostela","Spain","62.84","16","2005-06-17 15:07:30","2005-08-21 11:40:46","2"
172,"Willis Bernice","Batman","Turkey","133.70","30","2005-06-15 22:25:26","2005-08-23 22:14:31","2"
8,"Wilson Susan","Hamilton","New Zealand","85.77","23","2005-06-15 09:59:16","2005-08-23 14:31:19","2"
250,"Fowler Jo","Oyo","Nigeria","54.85","15","2005-06-18 17:59:18","2005-08-22 17:52:05","2"
490,"Mcduffie Sam","Sogamoso","Colombia","105.78","22","2005-06-16 10:16:02","2005-08-23 00:55:24","2"
163,"Spencer Cathy","Kakamigahara","Japan","122.71","29","2005-06-15 07:00:50","2006-02-14 15:16:03","7"
359,"Markham Willie","Almirante Brown","Argentina","85.78","22","2005-06-15 11:25:06","2006-02-14 15:16:03","7"
195,"Sims Vanessa","Siegen","Germany","86.81","19","2005-07-07 13:01:35","2005-08-23 22:19:33","1"
39,"Nelson Debra","Vila Velha","Brazil","141.71","29","2005-06-16 07:49:08","2005-08-22 12:51:38","2"
419,"Carbone Chad","Katihar","India","86.76","24","2005-06-19 18:52:37","2005-08-23 13:33:46","2"
390,"Heaton Shawn","Nakhon Sawan","Thailand","142.69","31","2005-06-16 01:11:25","2005-08-22 22:21:35","2"
7,"Miller Maria","Kragujevac","Yugoslavia","130.72","28","2005-06-16 21:06:00","2005-08-21 04:49:48","2"
87,"Patterson Wanda","Sincelejo","Colombia","137.72","28","2005-06-16 04:12:25","2006-02-14 15:16:03","7"
31,"Wright Brenda","Kamarhati","India","104.74","26","2005-06-16 10:05:40","2005-08-23 14:58:06","2"
391,"Gamez Clarence","Izumisano","Japan","79.75","25","2005-06-15 04:18:10","2005-08-21 09:55:47","2"
171,"Wagner Dolores","Ipoh","Malaysia","104.75","25","2005-06-16 11:06:09","2005-08-23 14:43:15","2"
509,"Fortier Raul","Chapra","India","86.82","18","2005-06-15 07:21:21","2005-08-23 19:46:39","2"
379,"Coughlin Carlos","Bhavnagar","India","96.79","21","2005-06-15 15:20:06","2005-08-23 18:26:51","2"
121,"Gomez Josephine","Etawah","India","104.75","25","2005-06-16 08:16:05","2005-08-23 22:20:26","2"
182,"Lane Renee","Compton","United States","92.76","24","2005-06-16 01:20:05","2005-08-22 09:49:32","2"
256,"Holland Mabel","Monywa","Myanmar","97.75","25","2005-06-16 02:17:07","2005-08-23 16:18:12","2"
116,"Gibson Victoria","Pemalang","Indonesia","106.74","26","2005-06-15 11:36:01","2005-08-22 04:44:09","2"
374,"Hurtado Jeremy","Vitria de Santo Anto","Brazil","98.75","25","2005-06-16 01:43:33","2006-02-14 15:16:03","7"
269,"Walters Cassandra","Salinas","United States","96.79","21","2005-07-07 07:20:29","2006-02-14 15:16:03","7"
537,"Buford Clinton","Aurora","United States","98.76","24","2005-06-15 19:10:07","2006-02-14 15:16:03","7"
100,"Hayes Robin","Jelets","Russian Federation","101.77","23","2005-06-15 03:23:48","2006-02-14 15:16:03","7"
183,"Andrews Ida","Luzinia","Brazil","75.78","22","2005-06-15 08:13:57","2005-08-20 03:35:16","2"
499,"Outlaw Marc","Brindisi","Italy","120.71","29","2005-06-15 13:13:59","2005-08-23 06:00:28","2"
367,"Gooch Adam","Adoni","India","97.80","20","2005-06-20 15:09:48","2005-08-21 13:41:14","2"
299,"Gannon James","Hiroshima","Japan","84.79","21","2005-07-06 00:00:03","2005-08-22 04:26:34","1"
234,"Fuller Claudia","Jalib al-Shuyukh","Kuwait","106.75","25","2005-06-15 05:09:01","2006-02-14 15:16:03","7"
553,"Pitt Max","Novi Sad","Yugoslavia","102.77","23","2005-06-17 01:29:30","2005-08-23 02:48:24","2"
528,"Herzog Claude","Benguela","Angola","93.80","20","2005-06-17 02:45:10","2005-08-23 16:43:54","2"
459,"Collazo Tommy","Qomsheh","Iran","183.63","37","2005-06-17 02:50:51","2005-08-23 14:52:50","2"
262,"Davidson Patsy","Portoviejo","Ecuador","114.73","27","2005-06-16 02:46:28","2005-08-23 17:57:35","2"
309,"Greco Christopher","Brescia","Italy","113.75","25","2005-07-06 16:27:43","2005-08-22 23:58:09","1"
77,"Bennett Jane","Araatuba","Brazil","85.77","23","2005-06-16 14:11:24","2005-08-22 21:34:00","2"
510,"Easter Ben","Kamyin","Russian Federation","102.77","23","2005-06-15 18:32:30","2005-08-22 10:46:44","2"
353,"Scarborough Jonathan","Pachuca de Soto","Mexico","65.83","17","2005-06-15 13:30:30","2005-08-23 09:23:08","2"
25,"Walker Deborah","Shikarpur","Pakistan","104.73","27","2005-06-15 12:17:34","2005-08-23 20:00:30","2"
241,"Larson Heidi","Xiangfan","China","110.68","32","2005-06-18 17:47:34","2005-08-23 13:14:15","2"
497,"Sledge Gilbert","York","United Kingdom","121.73","27","2005-06-18 00:47:43","2006-02-14 15:16:03","7"
472,"Robins Greg","Nam Dinh","Vietnam","131.74","26","2005-06-15 15:49:01","2006-02-14 15:16:03","7"
532,"Renner Neil","Cam Ranh","Vietnam","149.69","31","2005-06-16 12:40:23","2006-02-14 15:16:03","7"
329,"Waggoner Frank","Jamalpur","Bangladesh","98.77","23","2005-07-06 23:00:20","2005-08-22 19:54:31","1"
407,"Ratcliff Dale","Rustenburg","South Africa","104.74","26","2005-06-16 13:04:42","2005-08-22 20:44:35","2"
277,"Jimenez Olga","Ogbomosho","Nigeria","108.76","24","2005-07-06 11:55:35","2005-08-22 21:05:50","1"
500,"Kinder Reginald","Madiun","Indonesia","96.75","25","2005-06-15 14:54:56","2005-08-23 15:54:20","2"
178,"Snyder Marion","Santa Brbara dOeste","Brazil","194.61","39","2005-06-15 09:03:52","2006-02-14 15:16:03","7"
520,"Westmoreland Mitchell","Nha Trang","Vietnam","127.69","31","2005-06-15 17:05:36","2005-08-23 18:59:33","2"
503,"Barclay Angel","Ueda","Japan","99.72","28","2005-06-17 19:35:26","2005-08-23 14:13:47","2"
466,"Ebert Leo","Dongying","China","101.78","22","2005-06-16 20:59:35","2005-08-23 21:00:22","2"
432,"Burk Edwin","Newcastle","South Africa","93.80","20","2005-06-15 00:39:01","2005-08-23 10:56:15","2"
482,"Crawley Maurice","Coatzacoalcos","Mexico","125.74","26","2005-06-20 12:49:55","2005-08-23 16:42:53","2"
94,"Gonzales Norma","Bislig","Philippines","71.81","19","2005-06-15 03:14:05","2006-02-14 15:16:03","7"
370,"Truong Wayne","Gulbarga","India","70.81","19","2005-06-15 01:05:32","2005-08-23 20:13:31","2"
486,"Talbert Glen","Acua","Mexico","100.77","23","2005-06-17 13:46:52","2005-08-21 06:44:37","2"
273,"Lowe Priscilla","Salamanca","Mexico","130.72","28","2005-07-06 02:46:13","2005-08-23 12:50:00","1"
168,"Berry Regina","Jinchang","China","129.68","32","2005-06-15 03:38:49","2006-02-14 15:16:03","7"
441,"Cheatham Mario","Batna","Algeria","107.73","27","2005-06-16 06:12:40","2006-02-14 15:16:03","7"
284,"Gregory Sonia","Benin City","Nigeria","108.78","22","2005-07-06 03:33:23","2006-02-14 15:16:03","7"
577,"Malcolm Clifton","Tanshui","Taiwan","111.74","26","2005-06-18 16:06:14","2005-08-23 20:47:28","2"
483,"Chapa Vernon","Denizli","Turkey","81.83","17","2005-06-19 23:11:49","2005-08-19 03:10:21","1"
581,"Wofford Virgil","Jos Azueta","Mexico","97.75","25","2005-06-17 08:52:01","2005-08-23 14:05:37","2"
470,"Allard Gordon","Hodeida","Yemen","157.69","31","2005-06-15 06:13:57","2005-08-21 10:45:01","2"
290,"Chambers Kristina","Valle de la Pascua","Venezuela","80.78","22","2005-07-07 02:57:59","2005-08-20 08:57:51","1"
170,"Arnold Beatrice","Udaipur","India","109.77","23","2005-06-17 20:24:00","2005-08-23 04:27:06","2"
2,"Johnson Patricia","San Bernardino","United States","123.74","26","2005-06-17 20:54:58","2005-08-23 17:39:35","2"
145,"Holmes Lucille","Soshanguve","South Africa","107.73","27","2005-06-18 06:29:52","2005-08-21 10:15:20","2"
108,"Cole Tracy","Huixquilucan","Mexico","126.72","28","2005-06-15 14:45:48","2006-02-14 15:16:03","7"
401,"Carranza Tony","Koriyama","Japan","62.81","19","2005-07-07 04:04:26","2005-08-23 18:23:11","1"
105,"Sullivan Dawn","Funafuti","Tuvalu","93.78","22","2005-06-16 19:49:18","2005-08-23 14:27:07","2"
63,"Richardson Ashley","Lincoln","United States","112.75","25","2005-06-16 21:30:34","2005-08-22 17:30:25","2"
117,"Mcdonald Edith","Gandhinagar","India","69.83","17","2005-06-16 17:18:44","2005-08-23 00:26:52","2"
203,"Ryan Tara","Gorontalo","Indonesia","87.81","19","2005-06-15 03:24:14","2005-08-23 20:27:34","2"
190,"Weaver Yolanda","Tabora","Tanzania","102.75","25","2005-06-15 10:39:05","2006-02-14 15:16:03","7"
480,"Hauser Corey","Gaziantep","Turkey","83.81","19","2005-06-15 13:13:36","2005-08-23 05:38:41","2"
597,"Duggan Freddie","Sullana","Peru","87.77","23","2005-06-18 14:59:39","2006-02-14 15:16:03","7"
265,"Terry Jennie","Olomouc","Czech Republic","132.72","28","2005-06-17 13:06:56","2005-08-22 05:59:59","2"
113,"Fisher Cindy","Cuman","Venezuela","111.73","27","2005-06-17 16:46:11","2005-08-23 13:18:16","2"
227,"Burton Colleen","Saarbrcken","Germany","78.78","22","2005-06-16 11:11:01","2006-02-14 15:16:03","7"
335,"Mauldin Gregory","Sousse","Tunisia","73.78","22","2005-07-06 05:30:09","2006-02-14 15:16:03","7"
122,"Murray Thelma","Lima","Peru","120.70","30","2005-06-15 03:01:20","2005-08-21 19:51:09","2"
452,"Milner Tom","Abu Dhabi","United Arab Emirates","99.71","29","2005-06-15 02:09:02","2006-02-14 15:16:03","7"
208,"Wheeler Lucy","Balurghat","India","86.75","25","2005-06-16 20:36:00","2006-02-14 15:16:03","7"
593,"Mcalister Rene","Garden Grove","United States","101.76","24","2005-06-17 15:27:03","2005-08-21 19:35:59","2"
291,"Holt Toni","Roanoke","United States","73.83","17","2005-07-06 00:43:06","2005-08-23 08:54:26","1"
507,"Rhoads Edgar","Eskisehir","Turkey","89.77","23","2005-06-15 10:06:15","2005-08-22 23:04:21","2"
276,"Graves Brandy","Warren","United States","94.77","23","2005-07-06 10:51:28","2005-08-23 18:08:19","1"
188,"Armstrong Melanie","Bayugan","Philippines","92.75","25","2005-06-16 00:31:40","2006-02-14 15:16:03","7"
47,"Parker Frances","Juazeiro do Norte","Brazil","92.81","19","2005-06-17 03:17:21","2005-08-23 15:39:18","2"
185,"Harper Roberta","Shahr-e Kord","Iran","79.80","20","2005-06-18 19:44:08","2005-08-21 14:51:35","2"
357,"Rico Keith","Bratislava","Slovakia","80.77","23","2005-06-15 05:11:19","2005-08-23 16:22:20","2"
361,"Lawton Lawrence","Yaound","Cameroon","89.71","29","2005-06-18 12:53:25","2006-02-14 15:16:03","7"
342,"Martino Harold","Boa Vista","Brazil","130.68","32","2005-06-18 01:29:51","2005-08-23 17:09:31","2"
447,"Bowens Clifford","Nabereznyje Telny","Russian Federation","109.73","27","2005-06-15 04:04:09","2005-08-23 21:59:57","2"
69,"Gray Judy","Bchar","Algeria","89.77","23","2005-06-16 01:57:15","2006-02-14 15:16:03","7"
12,"Thomas Nancy","Yamuna Nagar","India","93.74","26","2005-06-16 17:02:55","2005-08-23 20:28:44","2"
425,"Sikes Francis","San Juan Bautista Tuxtepec","Mexico","98.75","25","2005-06-21 05:35:52","2005-08-23 22:12:44","2"
154,"Grant Michele","Yuncheng","China","110.73","27","2005-06-17 09:09:31","2005-08-23 11:16:16","2"
275,"Barnett Carole","Peoria","United States","92.75","25","2005-07-07 21:14:19","2005-08-23 02:30:23","1"
478,"Lyman Lewis","Ashqelon","Israel","86.81","19","2005-06-16 14:08:44","2005-08-23 11:22:09","2"
231,"Jacobs Georgia","Uttarpara-Kotrung","India","88.77","23","2005-06-18 17:32:08","2005-08-22 22:51:13","2"
422,"Ellington Melvin","Laohekou","China","96.75","25","2005-06-17 00:02:44","2006-02-14 15:16:03","7"
328,"Spear Jeffrey","Ciparay","Indonesia","65.83","17","2005-07-09 22:13:25","2005-08-23 16:17:09","1"
414,"Ralston Vincent","Allende","Mexico","96.77","23","2005-06-18 04:54:29","2005-08-23 01:59:14","2"
473,"Olivares Jorge","Lhokseumawe","Indonesia","122.69","31","2005-06-16 16:54:03","2005-08-23 21:46:47","2"
578,"Lumpkin Willard","Carmen","Mexico","95.79","21","2005-06-16 21:53:52","2005-08-23 08:34:10","2"
249,"Medina Dora","Tianjin","China","88.81","19","2005-06-15 02:21:46","2005-08-22 14:33:50","2"
1,"Smith Mary","Sasebo","Japan","114.70","30","2005-06-15 00:54:12","2005-08-22 20:03:46","2"
567,"Mcadams Alfredo","Serpuhov","Russian Federation","85.80","20","2005-06-19 12:58:53","2005-08-23 06:18:43","2"
98,"Griffin Lillian","al-Ayn","United Arab Emirates","102.76","24","2005-06-15 13:53:32","2005-08-23 03:58:28","2"
257,"Douglas Marsha","Beira","Mozambique","142.66","34","2005-06-19 03:08:51","2005-08-23 19:51:29","2"
64,"Cox Judith","Daxian","China","91.70","30","2005-06-15 11:51:30","2006-02-14 15:16:03","7"
514,"Troutman Franklin","Zaoyang","China","69.79","21","2005-06-16 12:30:19","2005-08-23 13:26:01","2"
484,"Vu Roberto","Yinchuan","China","128.73","27","2005-06-15 12:51:03","2005-08-23 21:49:22","2"
333,"Purdy Andrew","Baku","Azerbaijan","89.78","22","2005-07-09 02:39:47","2005-08-22 19:59:42","1"
395,"Turpin Johnny","al-Qadarif","Sudan","57.81","19","2005-06-15 07:30:22","2005-08-23 19:54:24","2"
555,"Lombardi Dwight","Chatsworth","South Africa","74.83","17","2005-06-21 02:30:37","2005-08-22 11:58:58","2"
562,"Slone Wallace","Sokoto","Nigeria","97.78","22","2005-06-17 11:24:57","2005-08-23 17:16:30","2"
375,"Selby Aaron","Mwene-Ditu","Congo, The Democratic Republic of the","88.80","20","2005-06-15 16:38:53","2005-08-23 02:46:13","2"
137,"Kennedy Rhonda","Apeldoorn","Netherlands","191.62","38","2005-06-18 20:24:23","2005-08-23 21:56:04","2"
336,"Mark Joshua","Rampur","India","93.78","22","2005-07-07 17:55:53","2006-02-14 15:16:03","7"
588,"Ocampo Marion","Weifang","China","107.73","27","2005-06-17 03:35:59","2005-08-22 16:37:32","2"
565,"Nettles Jaime","Hunuco","Peru","118.73","27","2005-06-15 20:27:02","2005-08-23 16:50:43","2"
142,"Burns April","Dundee","United Kingdom","74.77","23","2005-06-15 07:29:30","2006-02-14 15:16:03","7"
5,"Brown Elizabeth","Nantou","Taiwan","134.65","35","2005-06-15 22:03:14","2006-02-14 15:16:03","7"
71,"James Kathy","Baybay","Philippines","116.72","28","2005-06-17 02:38:28","2005-08-23 20:44:36","2"
52,"Sanchez Julie","A Corua (La Corua)","Spain","106.72","28","2005-06-15 01:38:31","2006-02-14 15:16:03","7"
29,"Hernandez Angela","Shimonoseki","Japan","138.65","35","2005-06-19 10:38:42","2006-02-14 15:16:03","7"
301,"Baughman Robert","Kaliningrad","Russian Federation","71.85","15","2005-07-07 17:44:22","2005-08-22 18:39:11","1"
18,"Garcia Carol","Kaduna","Nigeria","78.81","19","2005-06-15 19:30:18","2005-08-20 01:29:29","2"
383,"Bales Martin","Namibe","Angola","93.75","25","2005-06-16 22:22:17","2005-08-23 16:44:25","2"
371,"Poulin Billy","Cabuyao","Philippines","123.71","29","2005-06-15 03:03:33","2005-08-23 15:09:17","2"
76,"Price Irene","Pavlodar","Kazakstan","74.79","21","2005-06-15 21:27:42","2005-08-23 05:17:23","2"
493,"Harkins Brent","Sultanbeyli","Turkey","104.78","22","2005-06-17 19:41:42","2006-02-14 15:16:03","7"
169,"Matthews Erica","Pingxiang","China","86.80","20","2005-06-17 12:52:58","2005-08-23 09:33:22","2"
164,"Gardner Joann","Tarsus","Turkey","64.85","15","2005-06-16 14:28:33","2005-08-20 00:30:51","2"
22,"Rodriguez Laura","Sal","Morocco","94.81","19","2005-06-21 17:18:01","2006-02-14 15:16:03","7"
95,"Bryant Paula","Pathankot","India","72.83","17","2005-06-15 00:12:51","2005-08-21 03:51:52","2"
239,"Romero Minnie","Ciomas","Indonesia","108.72","28","2005-06-14 23:00:34","2005-08-20 22:34:34","2"
70,"Ramirez Christina","al-Hawiya","Saudi Arabia","75.83","17","2005-06-18 20:32:40","2005-08-23 07:06:38","2"
306,"Kowalski Charles","Sungai Petani","Malaysia","119.72","28","2005-07-06 15:23:56","2005-08-23 16:19:14","1"
580,"Grey Ross","Iligan","Philippines","98.74","26","2005-06-15 20:52:36","2005-08-23 18:54:32","2"
332,"Qualls Stephen","Dhaka","Bangladesh","107.74","26","2005-07-07 06:20:52","2005-08-22 16:37:36","1"
428,"Kruger Herbert","Syktyvkar","Russian Federation","73.81","19","2005-06-15 03:50:03","2005-08-17 00:40:03","2"
378,"Culpepper Eugene","Shenzhen","China","70.82","18","2005-06-16 07:48:50","2005-08-22 06:52:49","2"
297,"Rhodes Sherri","Ahmadnagar","India","99.74","26","2005-07-06 04:10:35","2005-08-23 10:43:00","1"
162,"Hudson Lauren","Le Mans","France","59.83","17","2005-06-15 12:21:56","2006-02-14 15:16:03","7"
377,"Fortner Howard","Kermanshah","Iran","93.74","26","2005-06-19 03:07:32","2005-08-23 20:44:10","2"
149,"Black Valerie","Brockton","United States","116.75","25","2005-06-15 23:58:53","2005-08-23 05:04:33","2"
525,"Clary Adrian","Udine","Italy","68.82","18","2005-06-16 18:12:54","2006-02-14 15:16:03","7"
161,"Perkins Geraldine","Tel Aviv-Jaffa","Israel","94.76","24","2005-06-17 01:02:00","2005-08-22 23:55:51","2"
46,"Campbell Catherine","Moscow","Russian Federation","131.69","31","2005-06-14 23:17:03","2005-08-23 12:47:26","2"
573,"Box Byron","Zhezqazghan","Kazakstan","117.72","28","2005-06-16 06:55:10","2005-08-19 11:27:20","2"
225,"Harvey Arlene","Ambattur","India","111.76","24","2005-06-18 03:39:56","2005-08-21 12:07:25","2"
191,"Greene Jeanette","Novoterkassk","Russian Federation","66.82","18","2005-06-14 23:54:46","2006-02-14 15:16:03","7"
102,"Ford Crystal","Ashdod","Israel","129.70","30","2005-06-15 03:21:00","2005-08-23 21:59:26","2"
199,"Franklin Beth","Haiphong","Vietnam","95.76","24","2005-06-15 16:44:00","2006-02-14 15:16:03","7"
529,"Guillen Erik","Bhimavaram","India","115.72","28","2005-06-15 04:21:52","2005-08-22 19:46:05","2"
226,"Little Maureen","Asuncin","Paraguay","87.79","21","2005-06-21 16:58:50","2005-08-23 22:06:15","2"
590,"Hannon Seth","al-Manama","Bahrain","108.76","24","2005-06-15 20:00:11","2006-02-14 15:16:03","7"
258,"Fleming Myrtle","Santiago de los Caballeros","Dominican Republic","110.76","24","2005-06-16 16:38:10","2005-08-22 04:31:37","2"
591,"Arsenault Kent","Juiz de Fora","Brazil","134.73","27","2005-06-15 17:51:27","2005-08-20 15:05:42","2"
26,"Hall Jessica","Citt del Vaticano","Holy See (Vatican City State)","146.68","32","2005-06-15 18:53:14","2005-08-23 11:16:29","2"
424,"Spurlock Kyle","Shanwei","China","109.71","29","2005-06-20 12:38:49","2006-02-14 15:16:03","7"
167,"Pierce Sally","Chandrapur","India","108.71","29","2005-06-15 17:44:57","2005-08-23 17:52:01","2"
99,"Diaz Emily","Kimchon","South Korea","90.77","23","2005-06-17 01:13:11","2006-02-14 15:16:03","7"
429,"Isbell Frederick","Tsuyama","Japan","78.84","16","2005-06-16 19:20:24","2005-08-21 14:04:39","2"
24,"Lee Kimberly","Crdoba","Argentina","85.77","23","2005-06-16 14:39:31","2005-08-22 21:28:59","2"
560,"Archuleta Jordan","Avellaneda","Argentina","129.71","29","2005-06-15 07:32:24","2006-02-14 15:16:03","7"
294,"Watts Shelly","Dayton","United States","105.77","23","2005-07-06 09:19:30","2005-08-23 15:34:46","1"
511,"Benner Chester","Suihua","China","92.78","22","2005-06-15 08:21:39","2005-08-22 15:25:33","2"
150,"Daniels Danielle","Hidalgo","Mexico","94.78","22","2005-06-20 23:06:07","2005-08-21 19:47:55","2"
571,"Chisholm Johnnie","Plock","Poland","107.78","22","2005-06-15 06:11:16","2005-08-23 15:35:59","2"
235,"Lynch Jackie","Buenaventura","Colombia","89.77","23","2005-06-15 21:50:32","2005-08-22 09:33:08","2"
9,"Moore Margaret","Masqat","Oman","78.80","20","2005-06-20 19:59:28","2006-02-14 15:16:03","7"
128,"Tucker Marjorie","Jastrzebie-Zdrj","Poland","118.70","30","2005-06-19 00:19:21","2005-08-23 15:25:27","2"
118,"Cruz Kim","Grand Prairie","United States","76.80","20","2005-06-16 17:59:37","2005-08-23 11:33:25","2"
587,"Stanfield Sergio","Celaya","Mexico","102.76","24","2005-06-15 11:29:17","2006-02-14 15:16:03","7"
104,"Graham Rita","Toulon","France","77.78","22","2005-06-15 08:41:38","2005-08-22 15:52:57","2"
74,"Kelly Denise","Rio Claro","Brazil","96.74","26","2005-06-18 22:56:26","2005-08-23 22:26:47","2"
151,"Palmer Megan","Laiwu","China","81.75","25","2005-06-18 20:51:34","2005-08-23 20:31:38","2"
88,"Hughes Bonnie","Cheju","South Korea","84.80","20","2005-06-15 18:30:00","2005-08-23 17:13:01","2"
444,"Hidalgo Marcus","Tartu","Estonia","105.72","28","2005-06-15 04:53:01","2005-08-23 14:55:47","2"
261,"Byrd Deanna","Tuguegarao","Philippines","90.78","22","2005-06-16 17:48:37","2005-08-22 23:08:46","2"
237,"Gilbert Tanya","Naju","South Korea","138.69","31","2005-06-15 22:00:45","2005-08-23 18:28:09","2"
462,"Sherrod Warren","Usolje-Sibirskoje","Russian Federation","152.69","31","2005-06-16 18:13:43","2005-08-23 21:17:17","2"
287,"Miles Becky","Tambaram","India","80.78","22","2005-07-08 19:31:02","2006-02-14 15:16:03","7"
347,"Salisbury Ryan","Daugavpils","Latvia","142.70","30","2005-06-16 14:11:52","2005-08-23 04:51:52","2"
144,"Shaw Clara","Molodetno","Belarus","189.60","40","2005-06-16 21:15:22","2005-08-23 12:43:30","2"
496,"Wren Tyler","Rizhao","China","82.81","19","2005-06-19 04:04:46","2006-02-14 15:16:03","7"
179,"Hart Dana","Kirovo-Tepetsk","Russian Federation","120.74","26","2005-06-15 08:41:13","2005-08-23 20:20:23","2"
115,"Harrison Wendy","Nezahualcyotl","Mexico","86.73","27","2005-06-15 13:37:38","2006-02-14 15:16:03","7"
355,"Grissom Terry","Matsue","Japan","68.81","19","2005-06-15 21:39:54","2006-02-14 15:16:03","7"
28,"Young Cynthia","Munger (Monghyr)","India","105.70","30","2005-06-15 04:58:07","2006-02-14 15:16:03","7"
550,"Brownlee Guy","Zhoushan","China","151.69","31","2005-06-15 04:18:37","2006-02-14 15:16:03","7"
477,"Paine Dan","Stockport","United Kingdom","106.79","21","2005-06-16 14:29:59","2005-08-23 18:23:30","2"
397,"Schrader Jimmy","Atinsk","Russian Federation","104.72","28","2005-06-16 18:07:48","2005-08-22 11:17:37","2"
585,"Swafford Perry","Quilmes","Argentina","117.76","24","2005-06-15 12:29:41","2006-02-14 15:16:03","7"
19,"Martinez Ruth","Kimberley","South Africa","98.82","18","2005-06-19 10:42:59","2005-08-23 03:46:47","2"
53,"Morris Heather","Nagareyama","Japan","88.76","24","2005-06-17 09:10:09","2006-02-14 15:16:03","7"
451,"Rea Jim","El Fuerte","Mexico","121.70","30","2005-06-15 02:08:04","2005-08-23 08:31:49","2"
423,"Casillas Alfred","Sawhaj","Egypt","120.74","26","2005-06-15 22:08:06","2005-08-23 12:46:38","2"
592,"Roush Terrance","Szkesfehrvr","Hungary","111.71","29","2005-06-14 23:12:46","2006-02-14 15:16:03","7"
204,"Schmidt Rosemary","Usak","Turkey","134.69","31","2005-06-15 10:49:17","2005-08-22 23:48:56","2"
316,"Curley Steven","Miraj","India","80.81","19","2005-07-07 20:32:30","2005-08-23 15:34:49","1"
554,"Olvera Dwayne","Rajkot","India","95.80","20","2005-06-17 08:54:10","2005-08-23 09:53:30","2"
323,"Mahan Matthew","Cuautla","Mexico","91.75","25","2005-07-06 10:16:45","2005-08-23 11:30:32","1"
385,"Holm Phillip","Tama","Japan","93.76","24","2005-06-16 16:41:19","2005-08-23 02:06:01","2"
543,"Pemberton Lance","Beni-Mellal","Morocco","73.80","20","2005-06-16 15:00:14","2005-08-23 13:46:27","2"
34,"Scott Rebecca","Kurashiki","Japan","89.76","24","2005-06-17 04:29:58","2005-08-21 20:54:32","2"
405,"Schofield Leonard","Tandil","Argentina","101.70","30","2005-06-15 10:23:08","2006-02-14 15:16:03","7"
293,"Fletcher Mae","Donostia-San Sebastin","Spain","107.79","21","2005-07-06 19:35:55","2005-08-23 09:18:52","1"
403,"Way Mike","Valparai","India","162.67","33","2005-06-15 03:35:16","2005-08-22 23:27:43","2"
464,"Kenyon Jerome","Rancagua","Chile","67.86","14","2005-06-15 08:01:29","2005-08-23 20:13:38","2"
594,"Hiatt Eduardo","Jining","China","108.77","23","2005-06-16 00:52:51","2005-08-22 07:54:47","2"
248,"Bowman Caroline","Tallahassee","United States","37.87","13","2005-06-17 16:07:08","2005-08-22 03:58:29","2"
539,"Bolin Mathew","Valencia","Venezuela","84.80","20","2005-06-15 08:25:33","2005-08-22 21:24:19","2"
285,"Mckinney Miriam","Otsu","Japan","117.77","23","2005-07-07 00:26:05","2005-08-23 02:06:41","1"
279,"Shelton Dianne","Tabriz","Iran","114.76","24","2005-07-08 00:34:25","2006-02-14 15:16:03","7"
321,"Schuler Kevin","Birgunj","Nepal","93.83","17","2005-07-06 19:24:55","2005-08-23 16:56:14","1"
209,"Chapman Tonya","Bhilwara","India","147.71","29","2005-06-15 02:06:28","2005-08-23 02:51:27","2"
16,"Martin Sandra","Southend-on-Sea","United Kingdom","109.75","25","2005-06-17 07:04:57","2005-08-21 14:45:34","2"
49,"Edwards Joyce","Jedda","Saudi Arabia","116.76","24","2005-06-14 23:16:26","2005-08-21 20:02:18","2"
192,"Lawrence Laurie","Firozabad","India","97.78","22","2005-06-19 17:16:33","2006-02-14 15:16:03","7"
445,"Forman Micheal","Escobar","Argentina","96.76","24","2005-07-07 03:03:33","2005-08-23 17:36:00","1"
492,"Kraus Lester","Kanchrapara","India","62.85","15","2005-06-16 12:24:28","2005-08-23 19:22:36","2"
260,"Vargas Christy","Datong","China","113.70","30","2005-06-16 07:49:47","2005-08-21 17:59:09","2"
389,"Kahn Alan","Emeishan","China","119.75","25","2005-06-16 17:51:01","2005-08-23 21:11:33","2"
50,"Collins Diane","Omdurman","Sudan","144.70","30","2005-06-15 03:38:53","2005-08-23 21:25:03","2"
442,"Bustamante Leroy","Tongliao","China","104.71","29","2005-06-15 05:58:55","2005-08-22 16:35:25","2"
134,"Boyd Emma","Qalyub","Egypt","77.81","19","2005-06-16 07:08:38","2005-08-23 19:42:46","2"
334,"Mcwhorter Raymond","Sumqayit","Azerbaijan","108.75","25","2005-07-06 08:11:48","2006-02-14 15:16:03","7"
304,"Royal David","Callao","Peru","79.81","19","2005-07-08 00:12:53","2005-08-22 06:05:38","1"
238,"Garrett Nellie","Shimoga","India","86.81","19","2005-06-15 01:58:50","2005-08-23 01:05:00","2"
255,"Pearson Irma","Hagonoy","Philippines","70.82","18","2005-06-15 04:31:28","2005-08-21 17:45:21","2"
200,"Lawson Jeanne","Ashgabat","Turkmenistan","126.74","26","2005-06-15 09:23:59","2006-02-14 15:16:03","7"
220,"Alvarez Charlene","Zanzibar","Tanzania","109.75","25","2005-06-16 22:35:20","2005-08-23 10:32:52","2"
382,"Barkley Victor","Manchester","United States","85.78","22","2005-06-18 15:27:47","2005-08-23 18:44:21","2"
575,"Oglesby Isaac","Cuernavaca","Mexico","109.76","24","2005-06-15 21:54:20","2005-08-23 15:59:51","2"
504,"Adam Nathaniel","Joliet","United States","117.75","25","2005-06-19 14:51:55","2005-08-23 21:44:27","2"
474,"Gillette Dustin","Emmen","Netherlands","92.75","25","2005-06-16 17:39:39","2006-02-14 15:16:03","7"
369,"Wheat Fred","Jurez","Mexico","69.79","21","2005-06-15 03:44:25","2006-02-14 15:16:03","7"
187,"Riley Brittany","Sumy","Ukraine","151.73","27","2005-06-15 10:55:17","2005-08-23 19:59:33","2"
300,"Farnsworth John","Parbhani","India","123.74","26","2005-07-06 13:27:33","2006-02-14 15:16:03","7"
263,"Hopkins Hilda","Mandaluyong","Philippines","116.73","27","2005-06-17 20:54:36","2006-02-14 15:16:03","7"
114,"Ellis Grace","Duisburg","Germany","126.70","30","2005-06-17 15:36:12","2006-02-14 15:16:03","7"
201,"Fields Vicki","Witten","Germany","91.78","22","2005-06-17 14:40:58","2005-08-23 20:06:04","2"
545,"Noland Julio","Konotop","Ukraine","84.81","19","2005-06-17 20:48:30","2005-08-23 20:41:09","2"
130,"Hunter Charlotte","guas Lindas de Gois","Brazil","87.78","22","2005-06-16 07:55:01","2005-08-23 13:29:08","2"
434,"Tomlin Eddie","Ozamis","Philippines","122.74","26","2005-06-15 03:45:35","2005-08-22 22:37:34","2"
535,"Elrod Javier","NDjamna","Chad","122.72","28","2005-06-16 14:25:09","2005-08-23 21:27:11","2"
438,"Lovelace Barry","Kitwe","Zambia","121.70","30","2005-06-15 18:26:29","2006-02-14 15:16:03","7"
561,"Still Ian","Garland","United States","86.75","25","2005-06-15 01:24:20","2006-02-14 15:16:03","7"
224,"Garza Pearl","Jodhpur","India","76.78","22","2005-06-15 18:08:14","2005-08-23 19:11:29","2"
272,"Caldwell Kay","Yantai","China","65.87","13","2005-07-09 03:44:15","2005-08-20 16:07:55","1"
92,"Simmons Tina","Goinia","Brazil","122.74","26","2005-06-17 17:17:19","2005-08-22 07:53:14","2"
415,"Pullen Glenn","Amersfoort","Netherlands","88.78","22","2005-06-17 02:01:37","2005-08-23 19:27:04","2"
463,"Power Darrell","Halifax","Canada","89.76","24","2005-06-15 08:27:33","2005-08-22 14:23:11","2"
4,"Jones Barbara","Myingyan","Myanmar","81.78","22","2005-06-15 09:31:28","2005-08-23 07:43:00","2"
83,"Jenkins Louise","Springs","South Africa","96.78","22","2005-06-15 13:13:49","2006-02-14 15:16:03","7"
223,"Fernandez Melinda","Mandi Bahauddin","Pakistan","77.84","16","2005-06-16 23:22:22","2005-08-23 08:52:50","2"
41,"Mitchell Stephanie","Yerevan","Armenia","118.75","25","2005-06-19 03:24:17","2006-02-14 15:16:03","7"
455,"Wiles Jon","El Alto","Bolivia","85.78","22","2005-06-15 15:18:08","2005-08-23 02:25:09","2"
264,"May Gwendolyn","Higashiosaka","Japan","98.75","25","2005-06-14 23:16:27","2006-02-14 15:16:03","7"
558,"Eggleston Jimmie","Wroclaw","Poland","135.72","28","2005-06-17 09:19:52","2005-08-21 06:53:53","2"
288,"Craig Bobbie","Valle de Santiago","Mexico","52.81","19","2005-07-06 22:07:33","2005-08-22 12:41:33","1"
515,"Rapp Andre","Coquimbo","Chile","110.74","26","2005-06-15 05:08:40","2005-08-22 18:55:52","2"
431,"Francisco Joel","Sucre","Bolivia","92.78","22","2005-06-16 02:41:30","2006-02-14 15:16:03","7"
398,"Meek Antonio","Bag","Brazil","73.85","15","2005-06-15 03:50:36","2005-08-22 15:56:42","2"
417,"Estep Travis","al-Qatif","Saudi Arabia","91.78","22","2005-06-17 06:04:16","2006-02-14 15:16:03","7"
78,"Wood Lori","Rae Bareli","India","141.69","31","2005-06-18 02:19:21","2005-08-23 22:18:51","2"
564,"Pfeiffer Bob","Xintai","China","82.78","22","2005-06-16 13:59:42","2005-08-22 10:22:00","2"
406,"Runyon Nathan","Charlotte Amalie","Virgin Islands, U.S.","121.69","31","2005-06-17 19:57:46","2005-08-21 17:45:52","2"
530,"Ashcraft Darryl","Ezeiza","Argentina","75.78","22","2005-06-15 07:52:35","2006-02-14 15:16:03","7"
547,"Emmons Kurt","Kanazawa","Japan","87.80","20","2005-06-17 12:44:39","2005-08-22 03:57:08","2"
345,"Artis Carl","San Lorenzo","Paraguay","104.79","21","2005-06-15 02:57:51","2005-08-23 04:28:25","2"
363,"Whiting Roy","Nyeri","Kenya","139.72","28","2005-06-15 18:16:24","2005-08-22 20:44:55","2"
439,"Fennell Alexander","Bergamo","Italy","137.67","33","2005-06-15 06:59:39","2005-08-23 21:27:35","2"
56,"Cook Gloria","Papeete","French Polynesia","115.74","26","2005-06-16 20:09:01","2006-02-14 15:16:03","7"
498,"Sanborn Gene","Salala","Oman","82.76","24","2005-06-15 06:06:33","2005-08-19 03:46:43","2"
313,"Mahon Donald","Ezhou","China","63.84","16","2005-07-08 04:36:35","2005-08-23 05:24:29","1"
126,"Simpson Ellen","Po","Brazil","102.75","25","2005-06-21 21:01:57","2005-08-23 21:02:43","2"
153,"Nichols Suzanne","Jakarta","Indonesia","94.76","24","2005-06-18 03:33:58","2005-08-23 06:15:09","2"
133,"Henry Pauline","Torren","Mexico","88.75","25","2005-06-16 00:17:39","2005-08-23 21:07:59","2"
106,"Wallace Connie","Ivanovo","Russian Federation","95.79","21","2005-06-18 07:56:18","2005-08-22 14:27:37","2"
566,"Mena Casey","Tokat","Turkey","130.68","32","2005-06-16 08:26:56","2005-08-21 07:13:46","2"
229,"Nguyen Tamara","Anpolis","Brazil","93.75","25","2005-06-18 01:59:16","2006-02-14 15:16:03","7"
349,"Gilliland Joe","Imus","Philippines","133.72","28","2005-06-15 01:42:46","2006-02-14 15:16:03","7"
109,"West Edna","Klerksdorp","South Africa","79.81","19","2005-06-16 04:28:45","2005-08-23 09:23:36","2"
157,"Rose Darlene","Pyongyang","North Korea","107.71","29","2005-06-18 11:30:56","2005-08-22 07:04:25","2"
23,"Lewis Sarah","Liepaja","Latvia","106.73","27","2005-06-19 16:44:35","2006-02-14 15:16:03","7"
236,"Dean Marcia","Tanza","Philippines","166.61","39","2005-06-15 06:54:53","2006-02-14 15:16:03","7"
454,"Gresham Alex","Uruapan","Mexico","143.68","32","2005-06-16 09:14:58","2005-08-23 06:55:26","2"
173,"Ray Audrey","Graz","Austria","111.73","27","2005-06-15 01:04:07","2005-08-23 21:10:24","2"
584,"Teel Salvador","Banjul","Gambia","114.73","27","2005-06-15 18:35:40","2005-08-23 07:06:00","2"
89,"Flores Julia","La Plata","Argentina","124.71","29","2005-06-15 06:05:18","2005-08-23 15:38:34","2"
148,"Hunt Eleanor","Saint-Denis","Runion","211.55","45","2005-06-15 22:02:35","2005-08-23 05:57:04","2"
302,"Silverman Michael","Tiefa","China","113.74","26","2005-07-08 10:26:02","2005-08-23 20:22:17","1"
373,"Leone Louis","Tanauan","Philippines","156.66","34","2005-06-15 20:54:55","2006-02-14 15:16:03","7"
430,"Houle Ray","Dzerzinsk","Russian Federation","71.80","20","2005-06-15 02:27:08","2005-08-22 09:11:48","2"
139,"Dixon Amber","Touliu","Taiwan","113.73","27","2005-06-14 23:42:56","2005-08-23 12:12:05","2"
400,"Hardison Bryan","Dallas","United States","105.76","24","2005-06-15 14:05:32","2005-08-23 20:23:08","2"
408,"Murrell Manuel","Jaffna","Sri Lanka","103.73","27","2005-06-18 21:03:08","2005-08-23 13:06:19","2"
465,"Gandy Floyd","Zapopan","Mexico","68.84","16","2005-06-15 12:12:42","2005-08-23 16:08:15","2"
327,"Thrasher Larry","Adana","Turkey","74.81","19","2005-07-07 23:08:22","2006-02-14 15:16:03","7"
202,"Gutierrez Carla","Bhusawal","India","103.74","26","2005-06-15 20:55:42","2005-08-23 13:22:56","2"
519,"Deluca Ron","Isesaki","Japan","99.78","22","2005-06-17 07:42:45","2005-08-22 21:12:19","2"
232,"Reid Constance","Zaria","Nigeria","86.77","23","2005-06-16 07:14:13","2005-08-23 04:33:39","2"
48,"Evans Ann","Niznekamsk","Russian Federation","67.86","14","2005-06-16 12:18:41","2005-08-22 17:27:23","2"
283,"Sutton Felicia","Korla","China","68.77","23","2005-07-06 01:32:27","2005-08-23 15:29:41","1"
259,"Jensen Lena","Halisahar","India","154.70","30","2005-06-16 08:46:26","2005-08-23 09:52:55","2"
21,"Clark Michelle","Tangail","Bangladesh","146.68","32","2005-06-18 04:08:50","2006-02-14 15:16:03","7"
448,"Betancourt Miguel","Erlangen","Germany","127.73","27","2005-06-15 10:18:34","2006-02-14 15:16:03","7"
155,"Knight Gail","Bern","Switzerland","106.76","24","2005-06-15 23:55:27","2006-02-14 15:16:03","7"
176,"Carroll June","Skikda","Algeria","151.68","32","2005-06-15 08:55:01","2005-08-23 18:36:44","2"
540,"Asher Tyrone","Ruse","Bulgaria","112.76","24","2005-06-15 06:56:39","2005-08-23 19:13:46","2"
420,"Lance Jacob","El Monte","United States","74.80","20","2005-06-19 11:42:04","2005-08-23 06:21:20","2"
521,"South Roland","Yingkou","China","80.77","23","2005-06-16 17:49:57","2006-02-14 15:16:03","7"
181,"Bradley Ana","Memphis","United States","167.67","33","2005-06-16 08:32:36","2006-02-14 15:16:03","7"
479,"Hite Zachary","Akron","United States","134.71","29","2005-06-17 04:35:52","2006-02-14 15:16:03","7"
527,"Meehan Cory","Mogiljov","Belarus","81.76","24","2005-06-15 16:28:42","2006-02-14 15:16:03","7"
165,"Stephens Lorraine","Hami","China","81.80","20","2005-06-17 12:03:01","2005-08-23 15:23:50","2"
42,"Perez Carolyn","Pak Kret","Thailand","111.71","29","2005-06-16 00:49:32","2006-02-14 15:16:03","7"
146,"Rice Jamie","Sterling Heights","United States","126.73","27","2005-06-15 02:31:12","2005-08-23 15:36:05","2"
40,"Carter Amanda","Nador","Morocco","105.74","26","2005-06-18 20:28:31","2005-08-22 16:06:49","2"
325,"Bunn Timothy","Braslia","Brazil","72.82","18","2005-07-09 23:10:49","2005-08-22 08:27:27","1"
280,"Barrett Tracey","Owo","Nigeria","103.77","23","2005-07-08 07:48:12","2005-08-23 19:09:39","1"
196,"Austin Alma","Mannheim","Germany","128.69","31","2005-06-15 00:45:21","2005-08-23 20:10:13","2"
315,"Gooden Kenneth","Bat Yam","Israel","67.86","14","2005-07-07 01:46:44","2006-02-14 15:16:03","7"
517,"Mccurdy Brad","Chungho","Taiwan","100.76","24","2005-06-16 09:34:45","2005-08-23 04:55:05","2"
60,"Bailey Mildred","Jaipur","India","88.78","22","2005-06-15 21:18:16","2006-02-14 15:16:03","7"
340,"Newsom Patrick","Hanoi","Vietnam","83.77","23","2005-07-08 00:27:30","2005-08-22 22:25:17","1"
96,"Alexander Diana","Augusta-Richmond County","United States","105.73","27","2005-06-15 07:11:39","2005-08-23 20:24:36","2"
372,"Mackenzie Steve","Probolinggo","Indonesia","152.68","32","2005-06-18 09:03:39","2005-08-23 05:08:58","2"
487,"Poindexter Hector","Pjatigorsk","Russian Federation","119.74","26","2005-06-20 16:47:57","2005-08-23 08:59:12","2"
110,"Jordan Tiffany","Enshi","China","49.88","12","2005-06-16 00:32:52","2005-08-22 22:28:36","2"
308,"Grigsby Thomas","Kansas City","United States","81.81","19","2005-07-07 00:08:18","2005-08-23 15:03:13","1"
219,"Howell Willie","Vicente Lpez","Argentina","100.75","25","2005-06-18 17:12:01","2006-02-14 15:16:03","7"
402,"Yanez Luis","Brest","France","77.81","19","2005-06-15 01:25:08","2005-08-23 00:11:52","2"
446,"Culp Theodore","Uluberia","India","109.72","28","2005-06-18 04:59:48","2005-08-23 19:10:32","2"
215,"Banks Jessie","Stara Zagora","Bulgaria","81.76","24","2005-06-15 14:59:06","2006-02-14 15:16:03","7"
551,"Barbee Clayton","Alvorada","Brazil","75.79","21","2005-06-17 16:19:39","2005-08-22 22:57:25","2"
570,"Cromwell Ivan","Monclova","Mexico","91.75","25","2005-06-15 06:37:55","2006-02-14 15:16:03","7"
502,"Cornwell Brett","Siliguri (Shiliguri)","India","130.70","30","2005-06-16 12:50:01","2005-08-23 22:06:34","2"
282,"Castro Jenny","Ponce","Puerto Rico","79.80","20","2005-07-06 09:09:19","2006-02-14 15:16:03","7"
331,"Robert Eric","Santa F","Argentina","105.78","22","2005-07-06 00:19:32","2005-08-23 03:30:51","1"
471,"Sauer Dean","Johannesburg","South Africa","106.74","26","2005-06-15 19:13:51","2005-08-23 08:34:53","2"
352,"Crouse Albert","Bamenda","Cameroon","96.78","22","2005-06-15 21:58:00","2006-02-14 15:16:03","7"
348,"Quintanilla Roger","Hsichuh","Taiwan","144.66","34","2005-06-16 09:42:48","2005-08-23 18:50:54","2"
175,"Olson Annette","Allappuzha (Alleppey)","India","98.76","24","2005-06-15 21:54:31","2006-02-14 15:16:03","7"
10,"Taylor Dorothy","Esfahan","Iran","94.76","24","2005-06-16 20:21:53","2005-08-22 21:59:29","2"
458,"Dowd Lloyd","Tegal","Indonesia","66.81","19","2005-06-19 08:42:12","2005-08-23 06:44:19","2"
468,"Cary Tim","Bijapur","India","154.66","34","2005-06-15 03:53:13","2005-08-23 22:24:39","2"
437,"Neumann Randall","La Romana","Dominican Republic","85.80","20","2005-06-18 04:23:54","2005-08-22 07:52:18","2"
366,"Huey Brandon","Balikesir","Turkey","145.64","36","2005-06-15 16:30:22","2006-02-14 15:16:03","7"
61,"Rivera Katherine","Basel","Switzerland","57.87","13","2005-07-27 02:50:15","2005-08-23 09:35:34","0"
330,"Shelley Scott","Aurora","United States","60.82","18","2005-07-06 05:25:03","2006-02-14 15:16:03","7"
435,"Shelby Ricky","Junan","China","78.77","23","2005-06-15 18:57:51","2005-08-22 13:19:25","2"
184,"Ruiz Vivian","s-Hertogenbosch","Netherlands","80.80","20","2005-06-17 09:38:08","2005-08-23 06:56:18","2"
512,"Vines Cecil","London","United Kingdom","115.74","26","2005-06-15 00:28:37","2006-02-14 15:16:03","7"
314,"Linton George","Sorocaba","Brazil","113.71","29","2005-07-06 00:52:35","2005-08-23 21:37:59","1"
125,"Webb Ethel","Boksburg","South Africa","131.69","31","2005-06-15 21:17:58","2005-08-22 10:14:39","2"
489,"Meador Ricardo","Okayama","Japan","91.81","19","2005-06-16 06:58:02","2005-08-23 20:12:17","2"
267,"Wade Margie","Lengshuijiang","China","142.67","33","2005-06-15 06:15:36","2006-02-14 15:16:03","7"
579,"Larue Daryl","Mosul","Iraq","111.73","27","2005-06-18 17:37:45","2006-02-14 15:16:03","7"
440,"Colby Bernard","Dhule (Dhulia)","India","83.79","21","2005-07-07 16:37:23","2006-02-14 15:16:03","7"
218,"Mccoy Vera","Kabul","Afghanistan","67.82","18","2005-06-15 20:25:53","2005-08-23 05:30:19","2"
270,"Curtis Leah","Kalisz","Poland","75.81","19","2005-07-06 00:11:28","2005-08-23 07:10:22","1"
516,"Noe Elmer","Battambang","Cambodia","92.76","24","2005-06-14 22:55:13","2006-02-14 15:16:03","7"
311,"Trout Paul","Kursk","Russian Federation","80.85","15","2005-07-08 18:09:08","2005-08-23 21:34:33","1"
433,"Bone Don","Naala-Porto","Mozambique","113.77","23","2005-07-07 05:30:56","2005-08-23 02:40:04","1"
491,"Mattox Rick","Mit Ghamr","Egypt","120.75","25","2005-06-15 01:48:58","2005-08-23 09:41:28","2"
531,"Waugh Jamie","Kuwana","Japan","110.77","23","2005-06-20 07:57:54","2005-08-22 21:36:51","2"
319,"Weiner Ronald","San Felipe del Progreso","Mexico","93.79","21","2005-07-07 07:06:03","2005-08-22 23:07:57","1"
271,"Neal Penny","Kumbakonam","India","56.84","16","2005-07-06 07:12:26","2005-08-22 17:48:42","1"
159,"Hawkins Jill","Linz","Austria","58.83","17","2005-06-16 12:40:28","2005-08-22 16:14:25","2"
295,"Bates Daisy","Kolpino","Russian Federation","125.72","28","2005-07-05 23:59:15","2006-02-14 15:16:03","7"
54,"Rogers Teresa","Iwakuni","Japan","114.74","26","2005-06-16 02:19:02","2005-08-23 05:20:36","2"
427,"Mccartney Jesus","Guaruj","Brazil","107.77","23","2005-06-15 12:26:21","2005-08-22 20:35:30","2"
542,"Tirado Lonnie","Pangkal Pinang","Indonesia","84.84","16","2005-06-19 07:16:20","2005-08-22 07:20:55","2"
339,"Perryman Walter","Xinxiang","China","95.76","24","2005-07-06 01:36:11","2005-08-21 23:24:52","1"
230,"George Joy","Botosani","Romania","118.69","31","2005-06-15 20:48:22","2005-08-21 08:38:21","2"
368,"Arce Harry","Najafabad","Iran","139.69","31","2005-06-15 00:56:45","2005-08-23 00:31:09","2"
337,"Jordon Jerry","Onomichi","Japan","111.76","24","2005-07-06 06:15:35","2006-02-14 15:16:03","7"
268,"Soto Nina","Palghat (Palakkad)","India","96.79","21","2005-07-06 08:56:43","2005-08-22 15:49:54","1"
174,"Watkins Yvonne","Ocumare del Tuy","Venezuela","81.81","19","2005-06-16 03:13:20","2005-08-23 20:06:23","2"
186,"Fox Holly","Haldia","India","111.71","29","2005-06-15 01:18:39","2006-02-14 15:16:03","7"
568,"Henning Alberto","Barcelona","Venezuela","66.79","21","2005-06-16 10:07:10","2006-02-14 15:16:03","7"
467,"Deloach Alvin","Cuauhtmoc","Mexico","134.72","28","2005-06-16 15:59:44","2005-08-23 15:19:15","2"
278,"Horton Billie","Inegl","Turkey","71.79","21","2005-07-06 13:31:37","2005-08-23 21:30:45","1"
533,"Milam Jessie","Binzhou","China","132.70","30","2005-06-15 17:57:04","2006-02-14 15:16:03","7"
413,"Yee Marvin","Berhampore (Baharampur)","India","65.81","19","2005-06-17 21:00:44","2005-08-23 09:23:45","2"
596,"Forsythe Enrique","Patras","Greece","73.78","22","2005-06-16 08:58:18","2006-02-14 15:16:03","7"
409,"Moeller Rodney","Deba Habe","Nigeria","97.78","22","2005-06-15 03:46:10","2005-08-21 20:49:21","2"
544,"Nolen Cody","So Bernardo do Campo","Brazil","92.80","20","2005-06-15 05:33:52","2005-08-23 06:48:47","2"
318,"Wyman Brian","Bydgoszcz","Poland","27.93","7","2005-07-06 11:33:37","2005-08-21 06:34:05","1"
286,"Lucas Velma","Effon-Alaiye","Nigeria","96.76","24","2005-07-06 04:38:50","2005-08-23 07:28:22","1"
36,"Adams Kathleen","Arak","Iran","90.75","25","2005-06-19 16:05:41","2005-08-23 08:42:40","2"
387,"Schilling Jesse","Lubumbashi","Congo, The Democratic Republic of the","79.78","22","2005-06-15 20:38:14","2005-08-22 07:16:36","2"
365,"Schwarz Bruce","Okinawa","Japan","92.79","21","2005-06-15 09:55:57","2005-08-21 12:51:49","2"
62,"Cooper Joan","Saint Louis","United States","78.79","21","2005-06-15 04:59:43","2005-08-23 06:11:52","2"
27,"Allen Shirley","Davao","Philippines","123.70","30","2005-06-15 10:11:42","2005-08-22 10:00:04","2"
569,"Gardiner Dave","Leshan","China","113.73","27","2005-06-15 20:37:51","2005-08-23 21:48:54","2"
132,"Crawford Esther","Botshabelo","South Africa","95.72","28","2005-06-16 23:53:42","2005-08-23 16:30:55","2"
396,"Shanks Earl","Iwatsuki","Japan","105.74","26","2005-06-15 14:31:05","2005-08-22 16:15:33","2"
341,"Menard Peter","Ede","Netherlands","103.78","22","2005-06-15 23:57:20","2005-08-23 18:43:31","2"
298,"Pena Erika","Oulu","Finland","78.79","21","2005-07-05 23:08:53","2005-08-23 08:13:26","1"
393,"Causey Philip","Korolev","Russian Federation","115.71","29","2005-06-16 06:41:35","2005-08-23 22:50:12","2"
344,"Billingsley Henry","Nukualofa","Tonga","64.84","16","2005-06-15 12:26:18","2005-08-22 16:55:26","2"
73,"Brooks Beverly","Chiayi","Taiwan","89.78","22","2005-06-16 10:20:20","2006-02-14 15:16:03","7"
158,"Stone Veronica","Greensboro","United States","115.70","30","2005-06-15 15:13:10","2005-08-23 14:26:51","2"
351,"Foust Jack","Zeleznogorsk","Russian Federation","87.77","23","2005-06-16 20:04:50","2005-08-23 13:01:43","2"
210,"Oliver Ella","Aden","Yemen","134.70","30","2005-06-15 00:33:04","2005-08-23 18:48:40","2"
598,"Delvalle Wade","Lausanne","Switzerland","83.78","22","2005-06-20 10:10:29","2005-08-23 00:44:15","2"
111,"Owens Carmen","Caracas","Venezuela","94.75","25","2005-06-16 05:14:52","2006-02-14 15:16:03","7"
307,"Joy Joseph","Angra dos Reis","Brazil","92.80","20","2005-07-06 22:13:45","2005-08-23 03:03:53","1"
526,"Seal Karl","Cape Coral","United States","208.58","42","2005-06-15 06:13:45","2005-08-23 22:21:03","2"
147,"Robertson Joanne","Urawa","Japan","125.68","32","2005-06-18 00:06:04","2005-08-23 20:53:20","2"
350,"Fraley Juan","Teboksary","Russian Federation","63.79","21","2005-06-17 11:56:09","2005-08-23 14:35:10","2"
14,"White Betty","Citrus Heights","United States","96.77","23","2005-06-15 13:32:15","2006-02-14 15:16:03","7"
453,"Martel Calvin","Maracabo","Venezuela","111.77","23","2005-06-19 23:08:50","2005-08-23 07:25:38","2"
216,"Meyer Natalie","Aparecida de Goinia","Brazil","90.78","22","2005-06-15 20:32:08","2006-02-14 15:16:03","7"
123,"Freeman Shannon","Varanasi (Benares)","India","97.77","23","2005-06-15 21:42:17","2005-08-23 13:51:57","2"
